"TICKET","TRANSACTION DATE","TRANSACTION TYPE","DETAILS","INSTRUMENT","PRICE","UNITS","DIRECTION","SPREAD COST","STOP LOSS","TAKE PROFIT","TRAILING STOP","FINANCING","FUNDING RATE","COMMISSION","CONVERSION RATE","CONVERSION FEE","PL","AMOUNT","BALANCE"
"1","2025-01-09 03:26:39 -12","CREATE","","","","","","","","","","","","","","","","",""
"2","2025-01-09 03:26:39 -12","CLIENT_CONFIGURE","","","","","","","","","","","","","","","","",""
"3","2025-01-09 03:26:41 -12","TRANSFER_FUNDS","","","","","","","","","","","","","","","","100000.00","100000.00"
"4","2025-01-17 06:47:04 -12","LIMIT_ORDER","CLIENT_ORDER","GBP/CAD","1.75800","5000.00","Buy","","1.74500","1.75900","","","","","","","","",""
"5","2025-01-17 07:00:33 -12","MARKET_ORDER","CLIENT_ORDER","NZD/JPY","","10000.00","Buy","","87.30600","87.31800","","","","","","","","",""
"6","2025-01-17 07:00:33 -12","ORDER_CANCEL","STOP_LOSS_ON_FILL_LOSS","","","","","","","","","","","","","","","",""
"7","2025-01-17 07:01:23 -12","MARKET_ORDER","CLIENT_ORDER","NZD/JPY","","10000.00","Buy","","87.30300","87.31100","","","","","","","","",""
"8","2025-01-17 07:01:23 -12","ORDER_CANCEL","STOP_LOSS_ON_FILL_LOSS","","","","","","","","","","","","","","","",""
"9","2025-01-17 07:01:44 -12","MARKET_ORDER","CLIENT_ORDER","NZD/JPY","","10000.00","Buy","","87.30000","87.31100","","","","","","","","",""
"10","2025-01-17 07:01:44 -12","ORDER_CANCEL","STOP_LOSS_ON_FILL_LOSS","","","","","","","","","","","","","","","",""
"11","2025-01-17 07:04:02 -12","MARKET_ORDER","CLIENT_ORDER","NZD/JPY","","10000.00","Sell","","87.29000","87.28000","","","","","","","","",""
"12","2025-01-17 07:04:02 -12","ORDER_CANCEL","STOP_LOSS_ON_FILL_LOSS","","","","","","","","","","","","","","","",""
"13","2025-01-17 07:04:39 -12","MARKET_ORDER","CLIENT_ORDER","NZD/JPY","","1.00","Sell","","87.29500","87.27900","","","","","","","","",""
"14","2025-01-17 07:04:39 -12","ORDER_CANCEL","STOP_LOSS_ON_FILL_LOSS","","","","","","","","","","","","","","","",""
"15","2025-01-17 07:06:22 -12","LIMIT_ORDER","CLIENT_ORDER","NZD/JPY","87.29000","10000.00","Sell","","","87.28300","","","","","","","","",""
"16","2025-01-17 07:10:02 -12","ORDER_FILL","LIMIT_ORDER","NZD/JPY","87.29300","10000.00","Sell","1.2488","","","","0.00000","","0.0000","","0.0000","0.00000","","100000.00"
"17","2025-01-17 07:10:02 -12","TAKE_PROFIT_ORDER","ON_FILL","","87.28300","","","","","","","","","","","","","",""
"18","2025-01-17 07:19:17 -12","ORDER_FILL","TAKE_PROFIT_ORDER","NZD/JPY","87.28300","10000.00","Buy","1.3763","","","","0.00000","","0.0000","0.0064","-0.0032","0.63690","","100000.64"
"19","2025-01-17 07:51:26 -12","LIMIT_ORDER","CLIENT_ORDER","NZD/JPY","87.20000","2500000.00","Sell","","","87.19200","","","","","","","","",""
"20","2025-01-17 07:51:43 -12","ORDER_FILL","LIMIT_ORDER","NZD/JPY","87.20000","2500000.00","Sell","376.1926","","","","0.00000","","0.0000","","0.0000","0.00000","","100000.64"
"21","2025-01-17 07:51:43 -12","TAKE_PROFIT_ORDER","ON_FILL","","87.19200","","","","","","","","","","","","","",""
"22","2025-01-17 08:23:15 -12","MARKET_ORDER","CLIENT_ORDER","NZD/JPY","","5000000.00","Buy","","","87.25800","","","","","","","","",""
"23","2025-01-17 08:23:15 -12","ORDER_FILL","MARKET_ORDER","NZD/JPY","87.24900","5000000.00","Buy","832.5408","","","","0.00000","","0.0000","0.0064","-3.8698","-788.43220","","99212.20"
"24","2025-01-17 08:23:15 -12","ORDER_CANCEL","LINKED_TRADE_CLOSED","","","","","","","","","","","","","","","",""
"25","2025-01-17 08:23:15 -12","TAKE_PROFIT_ORDER","ON_FILL","","87.25800","","","","","","","","","","","","","",""
"26","2025-01-17 08:50:14 -12","ORDER_CANCEL","CLIENT_REQUEST_REPLACED","","","","","","","","","","","","","","","",""
"27","2025-01-17 08:50:14 -12","LIMIT_ORDER","REPLACEMENT","GBP/CAD","1.75800","50000.00","Buy","","1.74500","1.75900","","","","","","","","",""
"28","2025-01-17 10:00:00 -12","DAILY_FINANCING","","","","","","","","","","0.00000","","","","0.0000","","","99212.20"
"","2025-01-17 10:00:00 -12","DAILY_FINANCING","Trade ID: 23","NZD/JPY","","","","","","","","0.00000","0.0000","","","","","",""
"29","2025-01-18 10:00:00 -12","DAILY_FINANCING","","","","","","","","","","0.00000","","","","0.0000","","","99212.20"
"","2025-01-18 10:00:00 -12","DAILY_FINANCING","Trade ID: 23","NZD/JPY","","","","","","","","0.00000","0.0000","","","","","",""
"30","2025-01-19 10:00:00 -12","DAILY_FINANCING","","","","","","","","","","0.00000","","","","0.0000","","","99212.20"
"","2025-01-19 10:00:00 -12","DAILY_FINANCING","Trade ID: 23","NZD/JPY","","","","","","","","0.00000","0.0000","","","","","",""
"31","2025-01-19 10:04:55 -12","ORDER_FILL","TAKE_PROFIT_ORDER","NZD/JPY","87.30900","2500000.00","Sell","1623.8443","","","","0.00000","","0.0000","0.0064","-4.4924","955.10840","","100167.31"
"32","2025-01-20 02:46:55 -12","ORDER_FILL","LIMIT_ORDER","GBP/CAD","1.75795","50000.00","Buy","8.9385","","","","0.00000","","0.0000","","0.0000","0.00000","","100167.31"
"33","2025-01-20 02:46:55 -12","TAKE_PROFIT_ORDER","ON_FILL","","1.75900","","","","","","","","","","","","","",""
"34","2025-01-20 02:46:55 -12","STOP_LOSS_ORDER","ON_FILL","","1.74500","","","","","","","","","","","","","",""
"35","2025-01-20 02:52:05 -12","ORDER_FILL","TAKE_PROFIT_ORDER","GBP/CAD","1.75902","50000.00","Sell","9.9774","","","","0.00000","","0.0000","0.6967","-0.1847","37.27170","","100204.58"
"36","2025-01-20 02:52:05 -12","ORDER_CANCEL","LINKED_TRADE_CLOSED","","","","","","","","","","","","","","","",""
"37","2025-01-24 06:16:03 -12","MARKET_ORDER","CLIENT_ORDER","NZD/JPY","","1.00","Sell","","","88.90000","","","","","","","","",""
"38","2025-01-24 06:16:03 -12","ORDER_FILL","MARKET_ORDER","NZD/JPY","89.00500","1.00","Sell","0.0001","","","","0.00000","","0.0000","","0.0000","0.00000","","100204.58"
"39","2025-01-24 06:16:03 -12","TAKE_PROFIT_ORDER","ON_FILL","","88.90000","","","","","","","","","","","","","",""
"40","2025-01-24 06:17:38 -12","MARKET_ORDER","TRADE_CLOSE","NZD/JPY","","1.00","Buy","","","","","","","","","","","",""
"41","2025-01-24 06:17:38 -12","ORDER_FILL","MARKET_ORDER_TRADE_CLOSE","NZD/JPY","89.03700","1.00","Buy","0.0001","","","","0.00000","","0.0000","0.0065","-0.0000","-0.00020","","100204.58"
"42","2025-01-24 06:17:38 -12","ORDER_CANCEL","LINKED_TRADE_CLOSED","","","","","","","","","","","","","","","",""
"43","2025-01-24 06:18:00 -12","MARKET_ORDER","CLIENT_ORDER","NZD/JPY","","2500000.00","Sell","","","88.90000","","","","","","","","",""
"44","2025-01-24 06:18:00 -12","ORDER_FILL","MARKET_ORDER","NZD/JPY","88.99500","2500000.00","Sell","353.0677","","","","0.00000","","0.0000","","0.0000","0.00000","","100204.58"
"45","2025-01-24 06:18:00 -12","TAKE_PROFIT_ORDER","ON_FILL","","88.90000","","","","","","","","","","","","","",""
"46","2025-01-24 06:27:21 -12","MARKET_ORDER","CLIENT_ORDER","EUR/CAD","","850000.00","Buy","","","1.58000","","","","","","","","",""
"47","2025-01-24 06:27:21 -12","ORDER_FILL","MARKET_ORDER","EUR/CAD","1.50637","850000.00","Buy","118.5425","","","","0.00000","","0.0000","","0.0000","0.00000","","100204.58"
"48","2025-01-24 06:27:21 -12","TAKE_PROFIT_ORDER","ON_FILL","","1.58000","","","","","","","","","","","","","",""
"49","2025-01-24 06:28:21 -12","STOP_LOSS_ORDER","CLIENT_ORDER","","1.45000","","","","","","","","","","","","","",""
"50","2025-01-24 10:00:00 -12","DAILY_FINANCING","","","","","","","","","","-31.19540","","","","-0.1404","","","100173.39"
"","2025-01-24 10:00:00 -12","DAILY_FINANCING","Trade ID: 47","EUR/CAD","","","","","","","","-31.19540","-0.0127","","","","","",""
"","2025-01-24 10:00:00 -12","DAILY_FINANCING","Trade ID: 44","NZD/JPY","","","","","","","","0.00000","0.0000","","","","","",""
"51","2025-01-25 10:00:00 -12","DAILY_FINANCING","","","","","","","","","","0.00000","","","","0.0000","","","100173.39"
"","2025-01-25 10:00:00 -12","DAILY_FINANCING","Trade ID: 47","EUR/CAD","","","","","","","","0.00000","-0.0127","","","","","",""
"","2025-01-25 10:00:00 -12","DAILY_FINANCING","Trade ID: 44","NZD/JPY","","","","","","","","0.00000","0.0000","","","","","",""
"52","2025-01-26 10:00:00 -12","DAILY_FINANCING","","","","","","","","","","0.00000","","","","0.0000","","","100173.39"
"","2025-01-26 10:00:00 -12","DAILY_FINANCING","Trade ID: 47","EUR/CAD","","","","","","","","0.00000","-0.0127","","","","","",""
"","2025-01-26 10:00:00 -12","DAILY_FINANCING","Trade ID: 44","NZD/JPY","","","","","","","","0.00000","0.0000","","","","","",""
"53","2025-01-26 10:04:55 -12","ORDER_FILL","TAKE_PROFIT_ORDER","NZD/JPY","88.89600","2500000.00","Buy","1733.6476","","","","0.00000","","0.0000","0.0064","-7.5683","1581.23110","","101754.62"
"54","2025-01-27 10:00:00 -12","DAILY_FINANCING","","","","","","","","","","-31.18590","","","","-0.1525","","","101723.43"
"","2025-01-27 10:00:00 -12","DAILY_FINANCING","Trade ID: 47","EUR/CAD","","","","","","","","-31.18590","-0.0127","","","","","",""
"55","2025-01-28 10:00:00 -12","DAILY_FINANCING","","","","","","","","","","-26.12100","","","","-0.1280","","","101697.31"
"","2025-01-28 10:00:00 -12","DAILY_FINANCING","Trade ID: 47","EUR/CAD","","","","","","","","-26.12100","-0.0107","","","","","",""
"56","2025-01-29 10:00:00 -12","DAILY_FINANCING","","","","","","","","","","-25.85030","","","","-0.1264","","","101671.46"
"","2025-01-29 10:00:00 -12","DAILY_FINANCING","Trade ID: 47","EUR/CAD","","","","","","","","-25.85030","-0.0106","","","","","",""
"57","2025-01-30 10:00:00 -12","DAILY_FINANCING","","","","","","","","","","-23.83580","","","","-0.1163","","","101647.63"
"","2025-01-30 10:00:00 -12","DAILY_FINANCING","Trade ID: 47","EUR/CAD","","","","","","","","-23.83580","-0.0098","","","","","",""
"58","2025-01-31 09:47:44 -12","MARKET_ORDER","CLIENT_ORDER","EUR/CAD","","1000000.00","Buy","","","1.54000","","","","","","","","",""
"59","2025-01-31 09:47:44 -12","ORDER_FILL","MARKET_ORDER","EUR/CAD","1.50787","1000000.00","Buy","230.2619","","","","0.00000","","0.0000","","0.0000","0.00000","","101647.63"
"60","2025-01-31 09:47:44 -12","TAKE_PROFIT_ORDER","ON_FILL","","1.54000","","","","","","","","","","","","","",""
"61","2025-01-31 09:49:42 -12","MARKET_ORDER","CLIENT_ORDER","USD/HKD","","20000.00","Buy","","","7.81000","","","","","","","","",""
"62","2025-01-31 09:49:42 -12","ORDER_FILL","MARKET_ORDER","USD/HKD","7.79334","20000.00","Buy","0.8854","","","","0.00000","","0.0000","","0.0000","0.00000","","101647.63"
"63","2025-01-31 09:49:42 -12","TAKE_PROFIT_ORDER","ON_FILL","","7.81000","","","","","","","","","","","","","",""
"64","2025-01-31 10:00:00 -12","DAILY_FINANCING","","","","","","","","","","-54.67450","","","","-0.2518","","","101592.95"
"","2025-01-31 10:00:00 -12","DAILY_FINANCING","Trade ID: 47","EUR/CAD","","","","","","","","-24.73300","-0.0102","","","","","",""
"","2025-01-31 10:00:00 -12","DAILY_FINANCING","Trade ID: 59","EUR/CAD","","","","","","","","-29.09770","-0.0102","","","","","",""
"","2025-01-31 10:00:00 -12","DAILY_FINANCING","Trade ID: 62","USD/HKD","","","","","","","","-0.84380","-0.0154","","","","","",""
"65","2025-02-01 10:00:00 -12","DAILY_FINANCING","","","","","","","","","","0.00000","","","","0.0000","","","101592.95"
"","2025-02-01 10:00:00 -12","DAILY_FINANCING","Trade ID: 47","EUR/CAD","","","","","","","","0.00000","-0.0102","","","","","",""
"","2025-02-01 10:00:00 -12","DAILY_FINANCING","Trade ID: 59","EUR/CAD","","","","","","","","0.00000","-0.0102","","","","","",""
"","2025-02-01 10:00:00 -12","DAILY_FINANCING","Trade ID: 62","USD/HKD","","","","","","","","0.00000","-0.0154","","","","","",""
"66","2025-02-02 10:00:00 -12","DAILY_FINANCING","","","","","","","","","","0.00000","","","","0.0000","","","101592.95"
"","2025-02-02 10:00:00 -12","DAILY_FINANCING","Trade ID: 47","EUR/CAD","","","","","","","","0.00000","-0.0102","","","","","",""
"","2025-02-02 10:00:00 -12","DAILY_FINANCING","Trade ID: 59","EUR/CAD","","","","","","","","0.00000","-0.0102","","","","","",""
"","2025-02-02 10:00:00 -12","DAILY_FINANCING","Trade ID: 62","USD/HKD","","","","","","","","0.00000","-0.0154","","","","","",""
"67","2025-02-03 10:00:00 -12","DAILY_FINANCING","","","","","","","","","","-68.54390","","","","-0.3309","","","101524.41"
"","2025-02-03 10:00:00 -12","DAILY_FINANCING","Trade ID: 47","EUR/CAD","","","","","","","","-31.22630","-0.0129","","","","","",""
"","2025-02-03 10:00:00 -12","DAILY_FINANCING","Trade ID: 59","EUR/CAD","","","","","","","","-36.73680","-0.0129","","","","","",""
"","2025-02-03 10:00:00 -12","DAILY_FINANCING","Trade ID: 62","USD/HKD","","","","","","","","-0.58080","-0.0106","","","","","",""
"68","2025-02-04 03:10:38 -12","STOP_LOSS_ORDER","CLIENT_ORDER","","1.48500","","","","","","","","","","","","","",""
"69","2025-02-04 04:19:17 -12","ORDER_FILL","STOP_LOSS_ORDER","EUR/CAD","1.48497","1000000.00","Sell","146.7546","","","","0.00000","","0.0000","0.7023","-78.8979","-16083.25890","","85441.15"
"70","2025-02-04 04:19:17 -12","ORDER_CANCEL","LINKED_TRADE_CLOSED","","","","","","","","","","","","","","","",""
"71","2025-02-04 10:00:00 -12","DAILY_FINANCING","","","","","","","","","","-30.34140","","","","-0.1452","","","85410.81"
"","2025-02-04 10:00:00 -12","DAILY_FINANCING","Trade ID: 47","EUR/CAD","","","","","","","","-29.63460","-0.0122","","","","","",""
"","2025-02-04 10:00:00 -12","DAILY_FINANCING","Trade ID: 62","USD/HKD","","","","","","","","-0.70680","-0.0129","","","","","",""
"72","2025-02-05 10:00:00 -12","DAILY_FINANCING","","","","","","","","","","-30.53840","","","","-0.1464","","","85380.27"
"","2025-02-05 10:00:00 -12","DAILY_FINANCING","Trade ID: 47","EUR/CAD","","","","","","","","-29.94660","-0.0123","","","","","",""
"","2025-02-05 10:00:00 -12","DAILY_FINANCING","Trade ID: 62","USD/HKD","","","","","","","","-0.59180","-0.0108","","","","","",""
"73","2025-02-06 10:00:00 -12","DAILY_FINANCING","","","","","","","","","","-31.66160","","","","-0.1509","","","85348.61"
"","2025-02-06 10:00:00 -12","DAILY_FINANCING","Trade ID: 47","EUR/CAD","","","","","","","","-30.86160","-0.0127","","","","","",""
"","2025-02-06 10:00:00 -12","DAILY_FINANCING","Trade ID: 62","USD/HKD","","","","","","","","-0.80000","-0.0146","","","","","",""
"74","2025-02-07 09:36:28 -12","MARKET_ORDER","CLIENT_ORDER","EUR/CAD","","1000.00","Sell","","","1.47520","","","","","","","","",""
"75","2025-02-07 09:36:28 -12","ORDER_FILL","MARKET_ORDER","EUR/CAD","1.47549","1000.00","Sell","0.1505","","","","0.00000","","0.0000","0.7033","-0.1065","-21.71810","","85326.89"
"76","2025-02-07 09:36:53 -12","MARKET_ORDER","CLIENT_ORDER","ZAR/JPY","","1000.00","Sell","","","8.20000","","","","","","","","",""
"77","2025-02-07 09:36:53 -12","ORDER_FILL","MARKET_ORDER","ZAR/JPY","8.21000","1000.00","Sell","0.0826","","","","0.00000","","0.0000","","0.0000","0.00000","","85326.89"
"78","2025-02-07 09:36:53 -12","TAKE_PROFIT_ORDER","ON_FILL","","8.20000","","","","","","","","","","","","","",""
"79","2025-02-07 10:00:00 -12","DAILY_FINANCING","","","","","","","","","","-31.31950","","","","-0.1497","","","85295.57"
"","2025-02-07 10:00:00 -12","DAILY_FINANCING","Trade ID: 47","EUR/CAD","","","","","","","","-30.65910","-0.0127","","","","","",""
"","2025-02-07 10:00:00 -12","DAILY_FINANCING","Trade ID: 62","USD/HKD","","","","","","","","-0.64110","-0.0117","","","","","",""
"","2025-02-07 10:00:00 -12","DAILY_FINANCING","Trade ID: 77","ZAR/JPY","","","","","","","","-0.01930","-0.1292","","","","","",""
"80","2025-02-08 10:00:00 -12","DAILY_FINANCING","","","","","","","","","","0.00000","","","","0.0000","","","85295.57"
"","2025-02-08 10:00:00 -12","DAILY_FINANCING","Trade ID: 47","EUR/CAD","","","","","","","","0.00000","-0.0127","","","","","",""
"","2025-02-08 10:00:00 -12","DAILY_FINANCING","Trade ID: 62","USD/HKD","","","","","","","","0.00000","-0.0117","","","","","",""
"","2025-02-08 10:00:00 -12","DAILY_FINANCING","Trade ID: 77","ZAR/JPY","","","","","","","","0.00000","-0.1292","","","","","",""
"81","2025-02-09 10:00:00 -12","DAILY_FINANCING","","","","","","","","","","0.00000","","","","0.0000","","","85295.57"
"","2025-02-09 10:00:00 -12","DAILY_FINANCING","Trade ID: 47","EUR/CAD","","","","","","","","0.00000","-0.0127","","","","","",""
"","2025-02-09 10:00:00 -12","DAILY_FINANCING","Trade ID: 62","USD/HKD","","","","","","","","0.00000","-0.0117","","","","","",""
"","2025-02-09 10:00:00 -12","DAILY_FINANCING","Trade ID: 77","ZAR/JPY","","","","","","","","0.00000","-0.1292","","","","","",""
"82","2025-02-09 10:04:55 -12","ORDER_FILL","TAKE_PROFIT_ORDER","ZAR/JPY","8.13700","1000.00","Buy","0.1156","","","","0.00000","","0.0000","0.0066","-0.0023","0.47990","","85296.05"
"83","2025-02-10 10:00:00 -12","DAILY_FINANCING","","","","","","","","","","-30.68770","","","","-0.1472","","","85265.36"
"","2025-02-10 10:00:00 -12","DAILY_FINANCING","Trade ID: 47","EUR/CAD","","","","","","","","-30.11780","-0.0125","","","","","",""
"","2025-02-10 10:00:00 -12","DAILY_FINANCING","Trade ID: 62","USD/HKD","","","","","","","","-0.56990","-0.0104","","","","","",""
"84","2025-02-11 10:00:00 -12","DAILY_FINANCING","","","","","","","","","","-29.83440","","","","-0.1445","","","85235.53"
"","2025-02-11 10:00:00 -12","DAILY_FINANCING","Trade ID: 47","EUR/CAD","","","","","","","","-29.54950","-0.0122","","","","","",""
"","2025-02-11 10:00:00 -12","DAILY_FINANCING","Trade ID: 62","USD/HKD","","","","","","","","-0.28490","-0.0052","","","","","",""
"85","2025-02-12 10:00:00 -12","DAILY_FINANCING","","","","","","","","","","-29.04310","","","","-0.1388","","","85206.49"
"","2025-02-12 10:00:00 -12","DAILY_FINANCING","Trade ID: 47","EUR/CAD","","","","","","","","-28.39650","-0.0117","","","","","",""
"","2025-02-12 10:00:00 -12","DAILY_FINANCING","Trade ID: 62","USD/HKD","","","","","","","","-0.64660","-0.0118","","","","","",""
"86","2025-02-13 10:00:00 -12","DAILY_FINANCING","","","","","","","","","","0.00000","","","","0.0000","","","85206.49"
"","2025-02-13 10:00:00 -12","DAILY_FINANCING","Trade ID: 47","EUR/CAD","","","","","","","","0.00000","0.0000","","","","","",""
"","2025-02-13 10:00:00 -12","DAILY_FINANCING","Trade ID: 62","USD/HKD","","","","","","","","0.00000","0.0000","","","","","",""
"87","2025-02-14 04:46:56 -12","MARKET_ORDER","CLIENT_ORDER","USD/JPY","","1000.00","Buy","","","152.28000","","","","","","","","",""
"88","2025-02-14 04:46:56 -12","ORDER_FILL","MARKET_ORDER","USD/JPY","152.26000","1000.00","Buy","0.0460","","","","0.00000","","0.0000","","0.0000","0.00000","","85206.49"
"89","2025-02-14 04:46:56 -12","TAKE_PROFIT_ORDER","ON_FILL","","152.28000","","","","","","","","","","","","","",""
"90","2025-02-14 04:50:13 -12","MARKET_ORDER","CLIENT_ORDER","EUR/USD","","1000.00","Sell","","1.05000","1.04950","","","","","","","","",""
"91","2025-02-14 04:50:13 -12","ORDER_FILL","MARKET_ORDER","EUR/USD","1.04981","1000.00","Sell","0.0850","","","","0.00000","","0.0000","","0.0000","0.00000","","85206.49"
"92","2025-02-14 04:50:13 -12","TAKE_PROFIT_ORDER","ON_FILL","","1.04950","","","","","","","","","","","","","",""
"93","2025-02-14 04:50:13 -12","STOP_LOSS_ORDER","ON_FILL","","1.05000","","","","","","","","","","","","","",""
"94","2025-02-14 04:50:17 -12","ORDER_FILL","STOP_LOSS_ORDER","EUR/USD","1.05000","1000.00","Buy","0.0800","","","","0.00000","","0.0000","1.0000","0.0000","-0.19000","","85206.30"
"95","2025-02-14 04:50:17 -12","ORDER_CANCEL","LINKED_TRADE_CLOSED","","","","","","","","","","","","","","","",""
"96","2025-02-14 05:05:42 -12","ORDER_FILL","TAKE_PROFIT_ORDER","USD/JPY","152.28000","1000.00","Sell","0.0460","","","","0.00000","","0.0000","0.0065","-0.0007","0.13070","","85206.43"
"97","2025-02-14 10:00:00 -12","DAILY_FINANCING","","","","","","","","","","-32.53680","","","","-0.1562","","","85173.89"
"","2025-02-14 10:00:00 -12","DAILY_FINANCING","Trade ID: 47","EUR/CAD","","","","","","","","-31.88470","-0.0130","","","","","",""
"","2025-02-14 10:00:00 -12","DAILY_FINANCING","Trade ID: 62","USD/HKD","","","","","","","","-0.65210","-0.0119","","","","","",""
"98","2025-02-15 10:00:00 -12","DAILY_FINANCING","","","","","","","","","","0.00000","","","","0.0000","","","85173.89"
"","2025-02-15 10:00:00 -12","DAILY_FINANCING","Trade ID: 47","EUR/CAD","","","","","","","","0.00000","-0.0130","","","","","",""
"","2025-02-15 10:00:00 -12","DAILY_FINANCING","Trade ID: 62","USD/HKD","","","","","","","","0.00000","-0.0119","","","","","",""
"99","2025-02-16 10:00:00 -12","DAILY_FINANCING","","","","","","","","","","0.00000","","","","0.0000","","","85173.89"
"","2025-02-16 10:00:00 -12","DAILY_FINANCING","Trade ID: 47","EUR/CAD","","","","","","","","0.00000","-0.0130","","","","","",""
"","2025-02-16 10:00:00 -12","DAILY_FINANCING","Trade ID: 62","USD/HKD","","","","","","","","0.00000","-0.0119","","","","","",""
"100","2025-02-17 10:00:00 -12","DAILY_FINANCING","","","","","","","","","","-31.47680","","","","-0.1498","","","85142.41"
"","2025-02-17 10:00:00 -12","DAILY_FINANCING","Trade ID: 47","EUR/CAD","","","","","","","","-30.63300","-0.0125","","","","","",""
"","2025-02-17 10:00:00 -12","DAILY_FINANCING","Trade ID: 62","USD/HKD","","","","","","","","-0.84380","-0.0154","","","","","",""
"101","2025-02-17 10:02:12 -12","LIMIT_ORDER","CLIENT_ORDER","EUR/USD","1.04823","2000000.00","Sell","","1.04900","1.04750","","","","","","","","",""
"102","2025-02-17 10:32:43 -12","ORDER_FILL","LIMIT_ORDER","EUR/USD","1.04825","2000000.00","Sell","320.0000","","","","0.00000","","0.0000","","0.0000","0.00000","","85142.41"
"103","2025-02-17 10:32:43 -12","TAKE_PROFIT_ORDER","ON_FILL","","1.04750","","","","","","","","","","","","","",""
"104","2025-02-17 10:32:43 -12","STOP_LOSS_ORDER","ON_FILL","","1.04900","","","","","","","","","","","","","",""
"105","2025-02-17 12:57:02 -12","ORDER_FILL","TAKE_PROFIT_ORDER","EUR/USD","1.04750","2000000.00","Buy","190.0000","","","","0.00000","","0.0000","1.0000","0.0000","1500.00000","","86642.41"
"106","2025-02-17 12:57:02 -12","ORDER_CANCEL","LINKED_TRADE_CLOSED","","","","","","","","","","","","","","","",""
"107","2025-02-18 10:00:00 -12","DAILY_FINANCING","","","","","","","","","","-31.21990","","","","-0.1498","","","86611.19"
"","2025-02-18 10:00:00 -12","DAILY_FINANCING","Trade ID: 47","EUR/CAD","","","","","","","","-30.52400","-0.0125","","","","","",""
"","2025-02-18 10:00:00 -12","DAILY_FINANCING","Trade ID: 62","USD/HKD","","","","","","","","-0.69590","-0.0127","","","","","",""
"108","2025-02-19 10:00:00 -12","DAILY_FINANCING","","","","","","","","","","-30.74320","","","","-0.1480","","","86580.45"
"","2025-02-19 10:00:00 -12","DAILY_FINANCING","Trade ID: 47","EUR/CAD","","","","","","","","-30.21170","-0.0124","","","","","",""
"","2025-02-19 10:00:00 -12","DAILY_FINANCING","Trade ID: 62","USD/HKD","","","","","","","","-0.53150","-0.0097","","","","","",""
"109","2025-02-20 10:00:00 -12","DAILY_FINANCING","","","","","","","","","","-30.40420","","","","-0.1470","","","86550.05"
"","2025-02-20 10:00:00 -12","DAILY_FINANCING","Trade ID: 47","EUR/CAD","","","","","","","","-29.94940","-0.0122","","","","","",""
"","2025-02-20 10:00:00 -12","DAILY_FINANCING","Trade ID: 62","USD/HKD","","","","","","","","-0.45480","-0.0083","","","","","",""
"110","2025-02-21 10:00:00 -12","DAILY_FINANCING","","","","","","","","","","-29.65130","","","","-0.1320","","","86520.39"
"","2025-02-21 10:00:00 -12","DAILY_FINANCING","Trade ID: 47","EUR/CAD","","","","","","","","-29.34450","-0.0120","","","","","",""
"","2025-02-21 10:00:00 -12","DAILY_FINANCING","Trade ID: 62","USD/HKD","","","","","","","","-0.30680","-0.0056","","","","","",""
"111","2025-02-22 10:00:00 -12","DAILY_FINANCING","","","","","","","","","","0.00000","","","","0.0000","","","86520.39"
"","2025-02-22 10:00:00 -12","DAILY_FINANCING","Trade ID: 47","EUR/CAD","","","","","","","","0.00000","-0.0120","","","","","",""
"","2025-02-22 10:00:00 -12","DAILY_FINANCING","Trade ID: 62","USD/HKD","","","","","","","","0.00000","-0.0056","","","","","",""
"112","2025-02-23 10:00:00 -12","DAILY_FINANCING","","","","","","","","","","0.00000","","","","0.0000","","","86520.39"
"","2025-02-23 10:00:00 -12","DAILY_FINANCING","Trade ID: 47","EUR/CAD","","","","","","","","0.00000","-0.0120","","","","","",""
"","2025-02-23 10:00:00 -12","DAILY_FINANCING","Trade ID: 62","USD/HKD","","","","","","","","0.00000","-0.0056","","","","","",""
"113","2025-02-24 10:00:00 -12","DAILY_FINANCING","","","","","","","","","","-29.63930","","","","-0.1439","","","86490.75"
"","2025-02-24 10:00:00 -12","DAILY_FINANCING","Trade ID: 47","EUR/CAD","","","","","","","","-29.36530","-0.0120","","","","","",""
"","2025-02-24 10:00:00 -12","DAILY_FINANCING","Trade ID: 62","USD/HKD","","","","","","","","-0.27400","-0.0050","","","","","",""
"114","2025-02-25 02:51:45 -12","MARKET_ORDER","CLIENT_ORDER","EUR/USD","","2000000.00","Sell","","1.05100","1.04950","","","","","","","","",""
"115","2025-02-25 02:51:45 -12","ORDER_FILL","MARKET_ORDER","EUR/USD","1.05026","2000000.00","Sell","170.0000","","","","0.00000","","0.0000","","0.0000","0.00000","","86490.75"
"116","2025-02-25 02:51:45 -12","TAKE_PROFIT_ORDER","ON_FILL","","1.04950","","","","","","","","","","","","","",""
"117","2025-02-25 02:51:45 -12","STOP_LOSS_ORDER","ON_FILL","","1.05100","","","","","","","","","","","","","",""
"118","2025-02-25 03:10:31 -12","ORDER_FILL","STOP_LOSS_ORDER","EUR/USD","1.05102","2000000.00","Buy","190.0000","","","","0.00000","","0.0000","1.0000","0.0000","-1520.00000","","84970.75"
"119","2025-02-25 03:10:31 -12","ORDER_CANCEL","LINKED_TRADE_CLOSED","","","","","","","","","","","","","","","",""
"120","2025-02-25 10:00:00 -12","DAILY_FINANCING","","","","","","","","","","-30.21100","","","","-0.1409","","","84940.54"
"","2025-02-25 10:00:00 -12","DAILY_FINANCING","Trade ID: 47","EUR/CAD","","","","","","","","-28.75890","-0.0117","","","","","",""
"","2025-02-25 10:00:00 -12","DAILY_FINANCING","Trade ID: 62","USD/HKD","","","","","","","","-1.45210","-0.0265","","","","","",""
"121","2025-02-26 10:00:00 -12","DAILY_FINANCING","","","","","","","","","","-30.39170","","","","-0.1453","","","84910.15"
"","2025-02-26 10:00:00 -12","DAILY_FINANCING","Trade ID: 47","EUR/CAD","","","","","","","","-29.65750","-0.0121","","","","","",""
"","2025-02-26 10:00:00 -12","DAILY_FINANCING","Trade ID: 62","USD/HKD","","","","","","","","-0.73420","-0.0134","","","","","",""
"122","2025-02-27 03:01:13 -12","MARKET_ORDER","CLIENT_ORDER","EUR/USD","","2000000.00","Sell","","1.04320","1.04150","","","","","","","","",""
"123","2025-02-27 03:01:13 -12","ORDER_FILL","MARKET_ORDER","EUR/USD","1.04224","2000000.00","Sell","170.0000","","","","0.00000","","0.0000","","0.0000","0.00000","","84910.15"
"124","2025-02-27 03:01:13 -12","TAKE_PROFIT_ORDER","ON_FILL","","1.04150","","","","","","","","","","","","","",""
"125","2025-02-27 03:01:13 -12","STOP_LOSS_ORDER","ON_FILL","","1.04320","","","","","","","","","","","","","",""
"126","2025-02-27 03:08:33 -12","ORDER_FILL","TAKE_PROFIT_ORDER","EUR/USD","1.04148","2000000.00","Buy","160.0000","","","","0.00000","","0.0000","1.0000","0.0000","1520.00000","","86430.15"
"127","2025-02-27 03:08:33 -12","ORDER_CANCEL","LINKED_TRADE_CLOSED","","","","","","","","","","","","","","","",""
"128","2025-02-27 10:00:00 -12","DAILY_FINANCING","","","","","","","","","","-29.88720","","","","-0.1450","","","86400.26"
"","2025-02-27 10:00:00 -12","DAILY_FINANCING","Trade ID: 47","EUR/CAD","","","","","","","","-29.65710","-0.0122","","","","","",""
"","2025-02-27 10:00:00 -12","DAILY_FINANCING","Trade ID: 62","USD/HKD","","","","","","","","-0.23010","-0.0042","","","","","",""
"129","2025-02-28 10:00:00 -12","DAILY_FINANCING","","","","","","","","","","-29.72150","","","","-0.1444","","","86370.54"
"","2025-02-28 10:00:00 -12","DAILY_FINANCING","Trade ID: 47","EUR/CAD","","","","","","","","-29.59000","-0.0122","","","","","",""
"","2025-02-28 10:00:00 -12","DAILY_FINANCING","Trade ID: 62","USD/HKD","","","","","","","","-0.13150","-0.0024","","","","","",""
"130","2025-03-01 10:00:00 -12","DAILY_FINANCING","","","","","","","","","","0.00000","","","","0.0000","","","86370.54"
"","2025-03-01 10:00:00 -12","DAILY_FINANCING","Trade ID: 47","EUR/CAD","","","","","","","","0.00000","-0.0122","","","","","",""
"","2025-03-01 10:00:00 -12","DAILY_FINANCING","Trade ID: 62","USD/HKD","","","","","","","","0.00000","-0.0024","","","","","",""
"131","2025-03-02 10:00:00 -12","DAILY_FINANCING","","","","","","","","","","0.00000","","","","0.0000","","","86370.54"
"","2025-03-02 10:00:00 -12","DAILY_FINANCING","Trade ID: 47","EUR/CAD","","","","","","","","0.00000","-0.0122","","","","","",""
"","2025-03-02 10:00:00 -12","DAILY_FINANCING","Trade ID: 62","USD/HKD","","","","","","","","0.00000","-0.0024","","","","","",""
"132","2025-03-03 10:00:00 -12","DAILY_FINANCING","","","","","","","","","","-30.01530","","","","-0.1451","","","86340.53"
"","2025-03-03 10:00:00 -12","DAILY_FINANCING","Trade ID: 47","EUR/CAD","","","","","","","","-29.91120","-0.0122","","","","","",""
"","2025-03-03 10:00:00 -12","DAILY_FINANCING","Trade ID: 62","USD/HKD","","","","","","","","-0.10410","-0.0019","","","","","",""
"133","2025-03-04 10:00:00 -12","DAILY_FINANCING","","","","","","","","","","-30.30420","","","","-0.1485","","","86310.22"
"","2025-03-04 10:00:00 -12","DAILY_FINANCING","Trade ID: 47","EUR/CAD","","","","","","","","-30.30420","-0.0122","","","","","",""
"","2025-03-04 10:00:00 -12","DAILY_FINANCING","Trade ID: 62","USD/HKD","","","","","","","","0.00000","0.0000","","","","","",""
"134","2025-03-05 10:00:00 -12","DAILY_FINANCING","","","","","","","","","","-31.11690","","","","-0.1524","","","86279.11"
"","2025-03-05 10:00:00 -12","DAILY_FINANCING","Trade ID: 47","EUR/CAD","","","","","","","","-31.27580","-0.0124","","","","","",""
"","2025-03-05 10:00:00 -12","DAILY_FINANCING","Trade ID: 62","USD/HKD","","","","","","","","0.15890","0.0029","","","","","",""
"135","2025-03-06 10:00:00 -12","DAILY_FINANCING","","","","","","","","","","-31.63030","","","","-0.1507","","","86247.48"
"","2025-03-06 10:00:00 -12","DAILY_FINANCING","Trade ID: 47","EUR/CAD","","","","","","","","-31.76730","-0.0126","","","","","",""
"","2025-03-06 10:00:00 -12","DAILY_FINANCING","Trade ID: 62","USD/HKD","","","","","","","","0.13700","0.0025","","","","","",""
"136","2025-03-07 10:00:00 -12","DAILY_FINANCING","","","","","","","","","","-30.75810","","","","-0.1463","","","86216.72"
"","2025-03-07 10:00:00 -12","DAILY_FINANCING","Trade ID: 47","EUR/CAD","","","","","","","","-30.64300","-0.0121","","","","","",""
"","2025-03-07 10:00:00 -12","DAILY_FINANCING","Trade ID: 62","USD/HKD","","","","","","","","-0.11510","-0.0021","","","","","",""
"137","2025-03-08 10:00:00 -12","DAILY_FINANCING","","","","","","","","","","0.00000","","","","0.0000","","","86216.72"
"","2025-03-08 10:00:00 -12","DAILY_FINANCING","Trade ID: 47","EUR/CAD","","","","","","","","0.00000","-0.0121","","","","","",""
"","2025-03-08 10:00:00 -12","DAILY_FINANCING","Trade ID: 62","USD/HKD","","","","","","","","0.00000","-0.0021","","","","","",""
"138","2025-03-09 09:00:00 -12","DAILY_FINANCING","","","","","","","","","","0.00000","","","","0.0000","","","86216.72"
"","2025-03-09 09:00:00 -12","DAILY_FINANCING","Trade ID: 47","EUR/CAD","","","","","","","","0.00000","-0.0121","","","","","",""
"","2025-03-09 09:00:00 -12","DAILY_FINANCING","Trade ID: 62","USD/HKD","","","","","","","","0.00000","-0.0021","","","","","",""
"139","2025-03-10 09:00:00 -12","DAILY_FINANCING","","","","","","","","","","-39.74920","","","","-0.1901","","","86176.97"
"","2025-03-10 09:00:00 -12","DAILY_FINANCING","Trade ID: 47","EUR/CAD","","","","","","","","-39.00950","-0.0154","","","","","",""
"","2025-03-10 09:00:00 -12","DAILY_FINANCING","Trade ID: 62","USD/HKD","","","","","","","","-0.73970","-0.0135","","","","","",""
"140","2025-03-11 02:02:18 -12","ORDER_FILL","TAKE_PROFIT_ORDER","EUR/CAD","1.58009","849000.00","Sell","167.0152","","","","0.00000","","0.0000","0.6868","-211.5335","42985.26970","","129162.24"
"141","2025-03-11 02:02:18 -12","ORDER_CANCEL","LINKED_TRADE_CLOSED","","","","","","","","","","","","","","","",""
"142","2025-03-11 09:00:00 -12","DAILY_FINANCING","","","","","","","","","","-0.45480","","","","0.0000","","","129161.78"
"","2025-03-11 09:00:00 -12","DAILY_FINANCING","Trade ID: 62","USD/HKD","","","","","","","","-0.45480","-0.0083","","","","","",""
"143","2025-03-12 09:00:00 -12","DAILY_FINANCING","","","","","","","","","","-0.12600","","","","0.0000","","","129161.66"
"","2025-03-12 09:00:00 -12","DAILY_FINANCING","Trade ID: 62","USD/HKD","","","","","","","","-0.12600","-0.0023","","","","","",""
"144","2025-03-13 09:00:00 -12","DAILY_FINANCING","","","","","","","","","","0.04930","","","","0.0000","","","129161.71"
"","2025-03-13 09:00:00 -12","DAILY_FINANCING","Trade ID: 62","USD/HKD","","","","","","","","0.04930","0.0009","","","","","",""
"145","2025-03-14 09:00:00 -12","DAILY_FINANCING","","","","","","","","","","-0.07120","","","","0.0000","","","129161.64"
"","2025-03-14 09:00:00 -12","DAILY_FINANCING","Trade ID: 62","USD/HKD","","","","","","","","-0.07120","-0.0013","","","","","",""
"146","2025-03-15 09:00:00 -12","DAILY_FINANCING","","","","","","","","","","0.00000","","","","0.0000","","","129161.64"
"","2025-03-15 09:00:00 -12","DAILY_FINANCING","Trade ID: 62","USD/HKD","","","","","","","","0.00000","-0.0013","","","","","",""
"147","2025-03-16 09:00:00 -12","DAILY_FINANCING","","","","","","","","","","0.00000","","","","0.0000","","","129161.64"
"","2025-03-16 09:00:00 -12","DAILY_FINANCING","Trade ID: 62","USD/HKD","","","","","","","","0.00000","-0.0013","","","","","",""
"148","2025-03-17 09:00:00 -12","DAILY_FINANCING","","","","","","","","","","0.12600","","","","0.0000","","","129161.76"
"","2025-03-17 09:00:00 -12","DAILY_FINANCING","Trade ID: 62","USD/HKD","","","","","","","","0.12600","0.0023","","","","","",""
"149","2025-03-18 09:00:00 -12","DAILY_FINANCING","","","","","","","","","","-0.10410","","","","0.0000","","","129161.66"
"","2025-03-18 09:00:00 -12","DAILY_FINANCING","Trade ID: 62","USD/HKD","","","","","","","","-0.10410","-0.0019","","","","","",""
"150","2025-03-19 09:00:00 -12","DAILY_FINANCING","","","","","","","","","","0.08770","","","","0.0000","","","129161.75"
"","2025-03-19 09:00:00 -12","DAILY_FINANCING","Trade ID: 62","USD/HKD","","","","","","","","0.08770","0.0016","","","","","",""
"151","2025-03-20 09:00:00 -12","DAILY_FINANCING","","","","","","","","","","-0.07120","","","","0.0000","","","129161.67"
"","2025-03-20 09:00:00 -12","DAILY_FINANCING","Trade ID: 62","USD/HKD","","","","","","","","-0.07120","-0.0013","","","","","",""
"152","2025-03-21 06:57:23 -12","MARKET_ORDER","CLIENT_ORDER","CHF/JPY","","1000.00","Sell","","169.45000","168.50000","","","","","","","","",""
"153","2025-03-21 06:57:23 -12","ORDER_FILL","MARKET_ORDER","CHF/JPY","168.96100","1000.00","Sell","0.1207","","","","0.00000","","0.0000","","0.0000","0.00000","","129161.67"
"154","2025-03-21 06:57:23 -12","TAKE_PROFIT_ORDER","ON_FILL","","168.50000","","","","","","","","","","","","","",""
"155","2025-03-21 06:57:23 -12","STOP_LOSS_ORDER","ON_FILL","","169.45000","","","","","","","","","","","","","",""
"156","2025-03-21 07:01:35 -12","MARKET_ORDER","CLIENT_ORDER","NZD/USD","","1000.00","Sell","","0.57788","0.56992","","","","","","","","",""
"157","2025-03-21 07:01:35 -12","ORDER_FILL","MARKET_ORDER","NZD/USD","0.57341","1000.00","Sell","0.1150","","","","0.00000","","0.0000","","0.0000","0.00000","","129161.67"
"158","2025-03-21 07:01:35 -12","TAKE_PROFIT_ORDER","ON_FILL","","0.56992","","","","","","","","","","","","","",""
"159","2025-03-21 07:01:35 -12","STOP_LOSS_ORDER","ON_FILL","","0.57788","","","","","","","","","","","","","",""
"160","2025-03-21 09:00:00 -12","DAILY_FINANCING","","","","","","","","","","0.04080","","","","-0.0001","","","129161.72"
"","2025-03-21 09:00:00 -12","DAILY_FINANCING","Trade ID: 62","USD/HKD","","","","","","","","0.06580","0.0012","","","","","",""
"","2025-03-21 09:00:00 -12","DAILY_FINANCING","Trade ID: 153","CHF/JPY","","","","","","","","-0.02030","-0.0065","","","","","",""
"","2025-03-21 09:00:00 -12","DAILY_FINANCING","Trade ID: 157","NZD/USD","","","","","","","","-0.00470","-0.0030","","","","","",""
"161","2025-03-22 09:00:00 -12","DAILY_FINANCING","","","","","","","","","","0.00000","","","","0.0000","","","129161.72"
"","2025-03-22 09:00:00 -12","DAILY_FINANCING","Trade ID: 62","USD/HKD","","","","","","","","0.00000","0.0012","","","","","",""
"","2025-03-22 09:00:00 -12","DAILY_FINANCING","Trade ID: 153","CHF/JPY","","","","","","","","0.00000","-0.0065","","","","","",""
"","2025-03-22 09:00:00 -12","DAILY_FINANCING","Trade ID: 157","NZD/USD","","","","","","","","0.00000","-0.0030","","","","","",""
"162","2025-03-23 09:00:00 -12","DAILY_FINANCING","","","","","","","","","","0.00000","","","","0.0000","","","129161.72"
"","2025-03-23 09:00:00 -12","DAILY_FINANCING","Trade ID: 62","USD/HKD","","","","","","","","0.00000","0.0012","","","","","",""
"","2025-03-23 09:00:00 -12","DAILY_FINANCING","Trade ID: 153","CHF/JPY","","","","","","","","0.00000","-0.0065","","","","","",""
"","2025-03-23 09:00:00 -12","DAILY_FINANCING","Trade ID: 157","NZD/USD","","","","","","","","0.00000","-0.0030","","","","","",""
"163","2025-03-23 11:51:12 -12","ORDER_FILL","STOP_LOSS_ORDER","CHF/JPY","169.45200","1000.00","Buy","0.1236","","","","0.00000","","0.0000","0.0067","-0.0162","-3.29770","","129158.42"
"164","2025-03-23 11:51:12 -12","ORDER_CANCEL","LINKED_TRADE_CLOSED","","","","","","","","","","","","","","","",""
"165","2025-03-24 09:00:00 -12","DAILY_FINANCING","","","","","","","","","","0.10470","","","","-0.0000","","","129158.52"
"","2025-03-24 09:00:00 -12","DAILY_FINANCING","Trade ID: 62","USD/HKD","","","","","","","","0.10960","0.0020","","","","","",""
"","2025-03-24 09:00:00 -12","DAILY_FINANCING","Trade ID: 157","NZD/USD","","","","","","","","-0.00490","-0.0031","","","","","",""
"166","2025-03-25 09:00:00 -12","DAILY_FINANCING","","","","","","","","","","0.05120","","","","-0.0000","","","129158.57"
"","2025-03-25 09:00:00 -12","DAILY_FINANCING","Trade ID: 62","USD/HKD","","","","","","","","0.05480","0.0010","","","","","",""
"","2025-03-25 09:00:00 -12","DAILY_FINANCING","Trade ID: 157","NZD/USD","","","","","","","","-0.00360","-0.0023","","","","","",""
"167","2025-03-26 09:00:00 -12","DAILY_FINANCING","","","","","","","","","","0.09430","","","","-0.0000","","","129158.67"
"","2025-03-26 09:00:00 -12","DAILY_FINANCING","Trade ID: 62","USD/HKD","","","","","","","","0.09860","0.0018","","","","","",""
"","2025-03-26 09:00:00 -12","DAILY_FINANCING","Trade ID: 157","NZD/USD","","","","","","","","-0.00430","-0.0027","","","","","",""
"168","2025-03-27 09:00:00 -12","DAILY_FINANCING","","","","","","","","","","-1.47370","","","","-0.0000","","","129157.19"
"","2025-03-27 09:00:00 -12","DAILY_FINANCING","Trade ID: 62","USD/HKD","","","","","","","","-1.46850","-0.0268","","","","","",""
"","2025-03-27 09:00:00 -12","DAILY_FINANCING","Trade ID: 157","NZD/USD","","","","","","","","-0.00520","-0.0033","","","","","",""
"169","2025-03-28 09:00:00 -12","DAILY_FINANCING","","","","","","","","","","-4.88760","","","","-0.0000","","","129152.31"
"","2025-03-28 09:00:00 -12","DAILY_FINANCING","Trade ID: 62","USD/HKD","","","","","","","","-4.88220","-0.0891","","","","","",""
"","2025-03-28 09:00:00 -12","DAILY_FINANCING","Trade ID: 157","NZD/USD","","","","","","","","-0.00540","-0.0034","","","","","",""
"170","2025-03-29 09:00:00 -12","DAILY_FINANCING","","","","","","","","","","0.00000","","","","0.0000","","","129152.31"
"","2025-03-29 09:00:00 -12","DAILY_FINANCING","Trade ID: 62","USD/HKD","","","","","","","","0.00000","-0.0891","","","","","",""
"","2025-03-29 09:00:00 -12","DAILY_FINANCING","Trade ID: 157","NZD/USD","","","","","","","","0.00000","-0.0034","","","","","",""
"171","2025-03-30 09:00:00 -12","DAILY_FINANCING","","","","","","","","","","0.00000","","","","0.0000","","","129152.31"
"","2025-03-30 09:00:00 -12","DAILY_FINANCING","Trade ID: 62","USD/HKD","","","","","","","","0.00000","-0.0891","","","","","",""
"","2025-03-30 09:00:00 -12","DAILY_FINANCING","Trade ID: 157","NZD/USD","","","","","","","","0.00000","-0.0034","","","","","",""
"172","2025-03-30 11:29:43 -12","ORDER_FILL","TAKE_PROFIT_ORDER","NZD/USD","0.56991","1000.00","Buy","0.1050","","","","0.00000","","0.0000","1.0000","0.0000","3.50000","","129155.81"
"173","2025-03-30 11:29:43 -12","ORDER_CANCEL","LINKED_TRADE_CLOSED","","","","","","","","","","","","","","","",""
"174","2025-03-31 09:00:00 -12","DAILY_FINANCING","","","","","","","","","","0.00000","","","","0.0000","","","129155.81"
"","2025-03-31 09:00:00 -12","DAILY_FINANCING","Trade ID: 62","USD/HKD","","","","","","","","0.00000","0.0000","","","","","",""
"175","2025-04-01 09:00:00 -12","DAILY_FINANCING","","","","","","","","","","-0.12050","","","","0.0000","","","129155.69"
"","2025-04-01 09:00:00 -12","DAILY_FINANCING","Trade ID: 62","USD/HKD","","","","","","","","-0.12050","-0.0022","","","","","",""
"176","2025-04-02 09:00:00 -12","DAILY_FINANCING","","","","","","","","","","0.06030","","","","0.0000","","","129155.75"
"","2025-04-02 09:00:00 -12","DAILY_FINANCING","Trade ID: 62","USD/HKD","","","","","","","","0.06030","0.0011","","","","","",""
"177","2025-04-03 09:00:00 -12","DAILY_FINANCING","","","","","","","","","","0.00000","","","","0.0000","","","129155.75"
"","2025-04-03 09:00:00 -12","DAILY_FINANCING","Trade ID: 62","USD/HKD","","","","","","","","0.00000","0.0000","","","","","",""
"178","2025-04-04 09:00:00 -12","DAILY_FINANCING","","","","","","","","","","0.04930","","","","0.0000","","","129155.80"
"","2025-04-04 09:00:00 -12","DAILY_FINANCING","Trade ID: 62","USD/HKD","","","","","","","","0.04930","0.0009","","","","","",""
"179","2025-04-05 09:00:00 -12","DAILY_FINANCING","","","","","","","","","","0.00000","","","","0.0000","","","129155.80"
"","2025-04-05 09:00:00 -12","DAILY_FINANCING","Trade ID: 62","USD/HKD","","","","","","","","0.00000","0.0009","","","","","",""
"180","2025-04-06 09:00:00 -12","DAILY_FINANCING","","","","","","","","","","0.00000","","","","0.0000","","","129155.80"
"","2025-04-06 09:00:00 -12","DAILY_FINANCING","Trade ID: 62","USD/HKD","","","","","","","","0.00000","0.0009","","","","","",""
"181","2025-04-07 09:00:00 -12","DAILY_FINANCING","","","","","","","","","","-0.26300","","","","0.0000","","","129155.53"
"","2025-04-07 09:00:00 -12","DAILY_FINANCING","Trade ID: 62","USD/HKD","","","","","","","","-0.26300","-0.0048","","","","","",""
"182","2025-04-08 07:24:10 -12","MARKET_ORDER","CLIENT_ORDER","NZD/CAD","","100000.00","Buy","","0.78820","0.79170","","","","","","","","",""
"183","2025-04-08 07:24:10 -12","ORDER_FILL","MARKET_ORDER","NZD/CAD","0.78997","100000.00","Buy","16.8623","","","","0.00000","","0.0000","","0.0000","0.00000","","129155.53"
"184","2025-04-08 07:24:10 -12","TAKE_PROFIT_ORDER","ON_FILL","","0.79170","","","","","","","","","","","","","",""
"185","2025-04-08 07:24:10 -12","STOP_LOSS_ORDER","ON_FILL","","0.78820","","","","","","","","","","","","","",""
"186","2025-04-08 08:25:59 -12","ORDER_FILL","STOP_LOSS_ORDER","NZD/CAD","0.78818","100000.00","Sell","16.8222","","","","0.00000","","0.0000","0.7044","-0.6207","-126.09300","","129029.44"
"187","2025-04-08 08:25:59 -12","ORDER_CANCEL","LINKED_TRADE_CLOSED","","","","","","","","","","","","","","","",""
"188","2025-04-08 09:00:00 -12","DAILY_FINANCING","","","","","","","","","","0.03290","","","","0.0000","","","129029.47"
"","2025-04-08 09:00:00 -12","DAILY_FINANCING","Trade ID: 62","USD/HKD","","","","","","","","0.03290","0.0006","","","","","",""
"189","2025-04-09 09:00:00 -12","DAILY_FINANCING","","","","","","","","","","-0.02740","","","","0.0000","","","129029.45"
"","2025-04-09 09:00:00 -12","DAILY_FINANCING","Trade ID: 62","USD/HKD","","","","","","","","-0.02740","-0.0005","","","","","",""
"190","2025-04-10 09:00:00 -12","DAILY_FINANCING","","","","","","","","","","-0.04930","","","","0.0000","","","129029.40"
"","2025-04-10 09:00:00 -12","DAILY_FINANCING","Trade ID: 62","USD/HKD","","","","","","","","-0.04930","-0.0009","","","","","",""
"191","2025-04-11 09:00:00 -12","DAILY_FINANCING","","","","","","","","","","-0.24660","","","","0.0000","","","129029.15"
"","2025-04-11 09:00:00 -12","DAILY_FINANCING","Trade ID: 62","USD/HKD","","","","","","","","-0.24660","-0.0045","","","","","",""
"192","2025-04-12 09:00:00 -12","DAILY_FINANCING","","","","","","","","","","0.00000","","","","0.0000","","","129029.15"
"","2025-04-12 09:00:00 -12","DAILY_FINANCING","Trade ID: 62","USD/HKD","","","","","","","","0.00000","-0.0045","","","","","",""
"193","2025-04-13 09:00:00 -12","DAILY_FINANCING","","","","","","","","","","0.00000","","","","0.0000","","","129029.15"
"","2025-04-13 09:00:00 -12","DAILY_FINANCING","Trade ID: 62","USD/HKD","","","","","","","","0.00000","-0.0045","","","","","",""
"194","2025-04-14 09:00:00 -12","DAILY_FINANCING","","","","","","","","","","-0.16440","","","","0.0000","","","129028.99"
"","2025-04-14 09:00:00 -12","DAILY_FINANCING","Trade ID: 62","USD/HKD","","","","","","","","-0.16440","-0.0030","","","","","",""
"195","2025-04-15 02:14:03 -12","MARKET_ORDER","CLIENT_ORDER","NZD/CAD","","100000.00","Buy","","0.82000","0.82500","","","","","","","","",""
"196","2025-04-15 02:14:03 -12","ORDER_FILL","MARKET_ORDER","NZD/CAD","0.82301","100000.00","Buy","16.9214","","","","0.00000","","0.0000","","0.0000","0.00000","","129028.99"
"197","2025-04-15 02:14:03 -12","TAKE_PROFIT_ORDER","ON_FILL","","0.82500","","","","","","","","","","","","","",""
"198","2025-04-15 02:14:03 -12","STOP_LOSS_ORDER","ON_FILL","","0.82000","","","","","","","","","","","","","",""
"199","2025-04-15 02:27:45 -12","ORDER_FILL","TAKE_PROFIT_ORDER","NZD/CAD","0.82501","100000.00","Sell","17.2381","","","","0.00000","","0.0000","0.7147","-0.7074","142.93260","","129171.92"
"200","2025-04-15 02:27:45 -12","ORDER_CANCEL","LINKED_TRADE_CLOSED","","","","","","","","","","","","","","","",""
"201","2025-04-15 09:00:00 -12","DAILY_FINANCING","","","","","","","","","","-0.13700","","","","0.0000","","","129171.78"
"","2025-04-15 09:00:00 -12","DAILY_FINANCING","Trade ID: 62","USD/HKD","","","","","","","","-0.13700","-0.0025","","","","","",""
"202","2025-04-15 11:23:39 -12","MARKET_ORDER","CLIENT_ORDER","EUR/JPY","","100000.00","Sell","","162.59600","159.70500","","","","","","","","",""
"203","2025-04-15 11:23:39 -12","ORDER_FILL","MARKET_ORDER","EUR/JPY","161.62400","100000.00","Sell","8.7262","","","","0.00000","","0.0000","","0.0000","0.00000","","129171.78"
"204","2025-04-15 11:23:39 -12","TAKE_PROFIT_ORDER","ON_FILL","","159.70500","","","","","","","","","","","","","",""
"205","2025-04-15 11:23:39 -12","STOP_LOSS_ORDER","ON_FILL","","162.59600","","","","","","","","","","","","","",""
"206","2025-04-15 11:36:27 -12","MARKET_ORDER","CLIENT_ORDER","USD/CAD","","100000.00","Buy","","1.38708","1.41354","","","","","","","","",""
"207","2025-04-15 11:36:27 -12","ORDER_FILL","MARKET_ORDER","USD/CAD","1.39588","100000.00","Buy","8.2392","","","","0.00000","","0.0000","","0.0000","0.00000","","129171.78"
"208","2025-04-15 11:36:27 -12","TAKE_PROFIT_ORDER","ON_FILL","","1.41354","","","","","","","","","","","","","",""
"209","2025-04-15 11:36:27 -12","STOP_LOSS_ORDER","ON_FILL","","1.38708","","","","","","","","","","","","","",""
"210","2025-04-16 04:16:13 -12","ORDER_FILL","STOP_LOSS_ORDER","USD/CAD","1.38708","100000.00","Sell","6.8485","","","","0.00000","","0.0000","0.7245","-3.1285","-637.55470","","128534.23"
"211","2025-04-16 04:16:13 -12","ORDER_CANCEL","LINKED_TRADE_CLOSED","","","","","","","","","","","","","","","",""
"212","2025-04-16 09:00:00 -12","DAILY_FINANCING","","","","","","","","","","-9.87290","","","","-0.0482","","","128524.35"
"","2025-04-16 09:00:00 -12","DAILY_FINANCING","Trade ID: 203","EUR/JPY","","","","","","","","-9.82360","-0.0313","","","","","",""
"","2025-04-16 09:00:00 -12","DAILY_FINANCING","Trade ID: 62","USD/HKD","","","","","","","","-0.04930","-0.0009","","","","","",""
"213","2025-04-16 20:22:28 -12","ORDER_FILL","STOP_LOSS_ORDER","EUR/JPY","162.60000","100000.00","Buy","7.3419","","","","0.00000","","0.0000","0.0070","-3.3693","-685.85810","","127838.50"
"214","2025-04-16 20:22:28 -12","ORDER_CANCEL","LINKED_TRADE_CLOSED","","","","","","","","","","","","","","","",""
"215","2025-04-17 07:03:57 -12","LIMIT_ORDER","CLIENT_ORDER","NZD/USD","0.59760","100000.00","Buy","","0.59133","0.60700","","","","","","","","",""
"216","2025-04-17 07:04:55 -12","ORDER_FILL","LIMIT_ORDER","NZD/USD","0.59760","100000.00","Buy","12.5000","","","","0.00000","","0.0000","","0.0000","0.00000","","127838.50"
"217","2025-04-17 07:04:55 -12","TAKE_PROFIT_ORDER","ON_FILL","","0.60700","","","","","","","","","","","","","",""
"218","2025-04-17 07:04:55 -12","STOP_LOSS_ORDER","ON_FILL","","0.59133","","","","","","","","","","","","","",""
"219","2025-04-17 07:08:50 -12","MARKET_ORDER","CLIENT_ORDER","EUR/CAD","","10000.00","Sell","","1.58027","1.56323","","","","","","","","",""
"220","2025-04-17 07:08:50 -12","ORDER_FILL","MARKET_ORDER","EUR/CAD","1.57350","10000.00","Sell","1.2644","","","","0.00000","","0.0000","","0.0000","0.00000","","127838.50"
"221","2025-04-17 07:08:50 -12","TAKE_PROFIT_ORDER","ON_FILL","","1.56323","","","","","","","","","","","","","",""
"222","2025-04-17 07:08:50 -12","STOP_LOSS_ORDER","ON_FILL","","1.58027","","","","","","","","","","","","","",""
"223","2025-04-17 09:00:00 -12","DAILY_FINANCING","","","","","","","","","","0.00000","","","","0.0000","","","127838.50"
"","2025-04-17 09:00:00 -12","DAILY_FINANCING","Trade ID: 220","EUR/CAD","","","","","","","","0.00000","0.0000","","","","","",""
"","2025-04-17 09:00:00 -12","DAILY_FINANCING","Trade ID: 62","USD/HKD","","","","","","","","0.00000","0.0000","","","","","",""
"","2025-04-17 09:00:00 -12","DAILY_FINANCING","Trade ID: 216","NZD/USD","","","","","","","","0.00000","0.0000","","","","","",""
"224","2025-04-18 02:57:08 -12","ORDER_FILL","STOP_LOSS_ORDER","EUR/CAD","1.58029","10000.00","Buy","3.2460","","","","0.00000","","0.0000","0.7249","-0.2391","-49.22370","","127789.27"
"225","2025-04-18 02:57:08 -12","ORDER_CANCEL","LINKED_TRADE_CLOSED","","","","","","","","","","","","","","","",""
"226","2025-04-18 09:00:00 -12","DAILY_FINANCING","","","","","","","","","","0.00000","","","","0.0000","","","127789.27"
"","2025-04-18 09:00:00 -12","DAILY_FINANCING","Trade ID: 62","USD/HKD","","","","","","","","0.00000","0.0000","","","","","",""
"","2025-04-18 09:00:00 -12","DAILY_FINANCING","Trade ID: 216","NZD/USD","","","","","","","","0.00000","0.0000","","","","","",""
"227","2025-04-19 09:00:00 -12","DAILY_FINANCING","","","","","","","","","","0.00000","","","","0.0000","","","127789.27"
"","2025-04-19 09:00:00 -12","DAILY_FINANCING","Trade ID: 62","USD/HKD","","","","","","","","0.00000","0.0000","","","","","",""
"","2025-04-19 09:00:00 -12","DAILY_FINANCING","Trade ID: 216","NZD/USD","","","","","","","","0.00000","0.0000","","","","","",""
"228","2025-04-20 09:00:00 -12","DAILY_FINANCING","","","","","","","","","","0.00000","","","","0.0000","","","127789.27"
"","2025-04-20 09:00:00 -12","DAILY_FINANCING","Trade ID: 62","USD/HKD","","","","","","","","0.00000","0.0000","","","","","",""
"","2025-04-20 09:00:00 -12","DAILY_FINANCING","Trade ID: 216","NZD/USD","","","","","","","","0.00000","0.0000","","","","","",""
"229","2025-04-21 09:00:00 -12","DAILY_FINANCING","","","","","","","","","","-4.02330","","","","-0.0167","","","127785.25"
"","2025-04-21 09:00:00 -12","DAILY_FINANCING","Trade ID: 62","USD/HKD","","","","","","","","-0.53700","-0.0098","","","","","",""
"","2025-04-21 09:00:00 -12","DAILY_FINANCING","Trade ID: 216","NZD/USD","","","","","","","","-3.48630","-0.0211","","","","","",""